date,baseline,lightweight,regularized,bilstm,buy_hold
2024-09-12,0.999,1.012669279499548,1.0,1.0,1.013669279499548
2024-09-13,1.0410087787284246,1.012669279499548,1.0,0.999,1.0562949135999464
2024-09-14,1.0312781304276097,1.012669279499548,1.0,0.9886630214438652,1.046421380815011
2024-09-15,1.0171459249898276,1.0116566102200484,1.0,0.9886630214438652,1.0320816585889285
2024-09-16,1.0001256487426682,0.994728188692545,1.0,0.9886630214438652,1.0148114572272253
2024-09-17,1.0364928239378814,1.0299043699843542,1.0,0.9876743584224214,1.0517126466942581
2024-09-18,1.0595423398988544,1.0299043699843542,1.0,1.0086505755284958,1.0751006209054421
2024-09-19,1.0817262872286342,1.0299043699843542,1.0,1.0086505755284958,1.0976103165072777
2024-09-20,1.0860662146437807,1.0299043699843542,1.0,1.0086505755284958,1.1020139712580204
2024-09-21,1.0895355383197423,1.0288744656143698,1.0,1.0086505755284958,1.1055342383560811
2024-09-22,1.0938986943664248,1.032994698216278,1.0,1.0086505755284958,1.1099614628267367
2024-09-23,1.0884177443455418,1.027818906031939,1.0,1.0086505755284958,1.1044000307360045
2024-09-24,1.105125911031977,1.0435968274179754,1.0,1.0086505755284958,1.1213535395315972
2024-09-25,1.0852097763417463,1.0247895451258198,1.0,1.0086505755284958,1.1011449570472507
2024-09-26,1.1202337189942686,1.0578634917874359,1.0,1.0086505755284958,1.1366831899940133
2024-09-27,1.1307113759167609,1.0677577937976714,1.0,1.0086505755284958,1.1473147004479334
2024-09-28,1.1323781980663974,1.069331813816446,1.0,1.0086505755284958,1.1490059981531147
2024-09-29,1.1280412917160458,1.0652363694305578,1.0,1.0086505755284958,1.1446054088283721
2024-09-30,1.0884125749680031,1.0278140244651013,1.0,1.0086505755284958,1.1043947854515153
2024-10-01,1.0455753531379792,0.9863339973932855,1.0,1.0076419249529673,1.0609285434212823
2024-10-02,1.0420654800589897,0.9863339973932855,1.0,1.0042593899161196,1.057367131494241
2024-10-03,1.044241586598313,0.9853476633958922,1.0,1.0063565474051572,1.0595751919024794
2024-10-04,1.0667228067039343,1.0065609707240593,1.0,1.0270157932789774,1.0823865254227356
2024-10-05,1.0671090330542992,1.0069254143899296,1.0,1.0270157932789774,1.0827784231067177
2024-10-06,1.0796380601074624,1.0187478199423405,1.0,1.0270157932789774,1.0954914259353565
2024-10-07,1.0696304808670933,1.0093046556905991,1.0,1.0270157932789774,1.0853368957670688
2024-10-08,1.0678312018098832,1.007606853728321,1.0,1.0259887774856984,1.0835111961619228
2024-10-09,1.0411944063763918,0.9824723403383258,1.0,1.0003957313782013,1.0564832669975144
2024-10-10,1.035907811523996,0.9774839028426519,1.0,0.9953162890651478,1.0511190439794622
2024-10-11,1.0732126580968462,1.0117073186891123,1.0,1.0311593641360939,1.0889716735563815
2024-10-12,1.0860670202610587,1.0106956113704233,1.0,1.0424788752710645,1.1020147887049536
2024-10-13,1.0801952787252316,1.0052313598181244,1.0,1.0424788752710645,1.09605682673095
2024-10-14,1.1351018558161452,1.0553222721270639,1.0,1.0424788752710645,1.1517696499937458
2024-10-15,1.1522021567129892,1.0553222721270639,1.0,1.0424788752710645,1.1691210510841656
2024-10-16,1.162026122348587,1.0553222721270639,1.0,1.0424788752710645,1.1790892714722185
2024-10-17,1.158367411477357,1.0542669498549369,1.0,1.0424788752710645,1.1753768362242336
2024-10-18,1.1758796513427112,1.0702053952264519,1.0,1.0424788752710645,1.193146225179926
2024-10-19,1.1749162673469287,1.0693285888723458,1.0,1.0424788752710645,1.1921686948887487
2024-10-20,1.1858979050120229,1.0793233258883201,1.0,1.0424788752710645,1.2033115865200812
2024-10-21,1.1578177119541886,1.053766650870448,1.0,1.0424788752710645,1.1748190649333514
2024-10-22,1.157706939578367,1.053665833415098,1.0,1.0414363963957936,1.1747066659800105
2024-10-23,1.14173705399309,1.0391311336309859,1.0,1.0260289580983974,1.1585022791782906
2024-10-24,1.171450099005309,1.0651347879085766,1.0,1.0250029291402991,1.1886516294578438
2024-10-25,1.1453499789489803,1.0651347879085766,1.0,1.0011406755836105,1.1621682561922277
2024-10-26,1.15174819137644,1.0651347879085766,1.0,1.0011406755836105,1.1686604197372008
2024-10-27,1.1674669929098547,1.0651347879085766,1.0,1.0001395349080269,1.1846100355780145
2024-10-28,1.2014698156616208,1.0651347879085766,1.0,1.0282687562364607,1.219112154536707
2024-10-29,1.2498108804701975,1.0651347879085766,1.0,1.0282687562364607,1.2681630577746958
2024-10-30,1.2432636288461778,1.0640696531206681,1.0,1.0282687562364607,1.2615196665470458
2024-10-31,1.2067534565839946,1.0317576924868939,1.0,1.0282687562364607,1.2244733802493366
2024-11-01,1.1941605843614942,1.0317576924868939,1.0,1.0272404874802243,1.2116955947512267
2024-11-02,1.1908402327473195,1.0317576924868939,1.0,1.0243842555333509,1.2083264872152653
2024-11-03,1.1814193442901662,1.0317576924868939,1.0,1.0152558372157674,1.1987672627762178
2024-11-04,1.16544261095802,1.0307259347944069,1.0,1.0142405813785516,1.1825559276755642
2024-11-05,1.1920482558567347,1.0532254350167747,1.0,1.0373944668606019,1.2095522488918815
2024-11-06,1.2999711633636322,1.0532254350167747,1.0,1.1302782929023005,1.3190598924294321
2024-11-07,1.3045390133338783,1.0521722095817578,1.0,1.1302782929023005,1.323694816541746
2024-11-08,1.3155489818732737,1.0610522682132864,1.0,1.1302782929023005,1.3348664550569027
2024-11-09,1.3195601503039363,1.0642874646371243,1.0,1.1302782929023005,1.338936523338245
2024-11-10,1.3830697800445737,1.115510974835683,1.0,1.1302782929023005,1.4033787261615434
2024-11-11,1.524468233794326,1.2295554932384791,1.0,1.1302782929023005,1.5468534696398835
2024-11-12,1.5116527426638109,1.2192191955257647,1.0,1.1302782929023005,1.5338497963058473
2024-11-13,1.556824911906609,1.2556526794139402,1.0,1.1302782929023005,1.5796852720313517
2024-11-14,1.4995296795843407,1.2081857209975224,1.0,1.1302782929023005,1.5215487186110583
2024-11-15,1.5651061204534906,1.2069775352765248,1.0,1.1302782929023005,1.5880880815419651
2024-11-16,1.55638343363788,1.199043801711028,1.0,1.1302782929023005,1.5792373111118545
2024-11-17,1.5441359026888501,1.199043801711028,1.0,1.1302782929023005,1.566809937865857
2024-11-18,1.5561112692672245,1.199043801711028,1.0,1.1302782929023005,1.5789611502895244
2024-11-19,1.5870667103927503,1.199043801711028,1.0,1.1302782929023005,1.6103711399815188
2024-11-20,1.6213658660335328,1.199043801711028,1.0,1.1302782929023005,1.6451739431705428
2024-11-21,1.692951674723622,1.199043801711028,1.0,1.1302782929023005,1.7178109152599073
2024-11-22,1.7014235460264633,1.199043801711028,1.0,1.1302782929023005,1.7264071872114228
2024-11-23,1.6804494344449756,1.199043801711028,1.0,1.1302782929023005,1.7051250925418036
2024-11-24,1.6845147135028575,1.199043801711028,1.0,1.1302782929023005,1.7092500660088383
2024-11-25,1.6001028063880838,1.199043801711028,1.0,1.1302782929023005,1.6235986575341481
2024-11-26,1.5809058865234151,1.199043801711028,1.0,1.1302782929023005,1.6041198507995844
2024-11-27,1.6492602300390795,1.199043801711028,1.0,1.1302782929023005,1.673477906997971
2024-11-28,1.6439313402795517,1.199043801711028,1.0,1.1302782929023005,1.668070768015916
2024-11-29,1.675022662186085,1.199043801711028,1.0,1.1302782929023005,1.6996186337573416
2024-11-30,1.657621866044285,1.199043801711028,1.0,1.1302782929023005,1.6819623249607678
2024-12-01,1.6718992839965534,1.199043801711028,1.0,1.1302782929023005,1.6964493919965935
2024-12-02,1.6475892455335028,1.199043801711028,1.0,1.1291480146093982,1.6717823858169671
2024-12-03,1.6499413794482227,1.199043801711028,1.0,1.1307600106497349,1.674169058380151
2024-12-04,1.6974855544986156,1.199043801711028,1.0,1.1622128639455738,1.7224113703598627
2024-12-05,1.660105584114526,1.199043801711028,1.0,1.1622128639455738,1.6844825138564048
2024-12-06,1.7172874929395903,1.199043801711028,1.0,1.1622128639455738,1.7425040797414015
2024-12-07,1.7173326075071977,1.199043801711028,1.0,1.1622128639455738,1.7425498567696713
2024-12-08,1.7398929795104516,1.197844757909317,1.0,1.1622128639455738,1.7654415044511331
2024-12-09,1.6745276103683218,1.1516455448501586,1.0,1.1622128639455738,1.699116312616774
2024-12-10,1.6615124604222344,1.1516455448501586,1.0,1.1610506510816283,1.685910048684413
2024-12-11,1.7388104984269674,1.1516455448501586,1.0,1.213904806148547,1.76434312825497
2024-12-12,1.7193892141501799,1.1504938993053084,1.0,1.213904806148547,1.7446366625494574
2024-12-13,1.7437297318002745,1.1667808556453294,1.0,1.213904806148547,1.7693345954713968
2024-12-14,1.7422467246597286,1.164621751089045,1.0,1.213904806148547,1.767829811908184
2024-12-15,1.7925297299186191,1.164621751089045,1.0,1.213904806148547,1.8188511709791062
2024-12-16,1.822279967595205,1.163457129337956,1.0,1.213904806148547,1.849038260058751
2024-12-17,1.8241856552679772,1.1646738391457823,1.0,1.213904806148547,1.850971930779682
2024-12-18,1.7193641057449938,1.0965845536830414,1.0,1.213904806148547,1.7446111854533668
2024-12-19,1.6755284555675638,1.0965845536830414,1.0,1.2126909013423983,1.7001318541903543
2024-12-20,1.6800824757745256,1.0965845536830414,1.0,1.2159869473457718,1.704752745463645
2024-12-21,1.6709529522331696,1.0954879691293584,1.0,1.209379306577031,1.6954891643321732
2024-12-22,1.6345211933861137,1.0716030635383107,1.0,1.18301123008933,1.658522442869314
2024-12-23,1.6273252855831914,1.0668853780914942,1.0,1.1778030750797832,1.6512208706191305
2024-12-24,1.695896877225013,1.1118413737509008,1.0,1.2262550738730549,1.720799365007221
2024-12-25,1.7049099165640411,1.1188622242011783,1.0,1.2262550738730549,1.7316655508516015
2024-12-26,1.703205006647477,1.0793842119604158,1.0,1.2262550738730549,1.6705653435743075
2024-12-27,1.6742126068362673,1.0610106524059721,1.0,1.2250288187991818,1.6421285446202036
2024-12-28,1.6919756675300897,1.0722677630850594,1.0,1.2380261293983006,1.659551199834984
2024-12-29,1.6629290955301215,1.0538598726044826,1.0,1.2167726233370084,1.6310612668302098
2024-12-30,1.6471583212551693,1.0438653477549567,1.0,1.2052330775811673,1.6155927185096954
